{
"apiVersion": "V2",
"assemblies": [
{
  "files": [
    {
      "filePath": "data_summary.tsv",
      "fileType": "DATA_TABLE",
      "uncompressedLengthBytes": "629"
    },
    {
      "filePath": "assembly_data_report.jsonl",
      "fileType": "DATA_REPORT",
      "uncompressedLengthBytes": "6235"
    }
  ]
},{
  "accession": "GCA_000092565.1",
  "files": [
    {
      "filePath": "GCA_000092565.1/cds_from_genomic.fna",
      "fileType": "CDS_NUCLEOTIDE_FASTA",
      "uncompressedLengthBytes": "4178277"
    },
    {
      "filePath": "GCA_000092565.1/genomic.gbff",
      "fileType": "GENBANK_FLAT_FILE",
      "uncompressedLengthBytes": "9410347"
    },
    {
      "filePath": "GCA_000092565.1/GCA_000092565.1_ASM9256v1_genomic.fna",
      "fileType": "GENOMIC_NUCLEOTIDE_FASTA",
      "uncompressedLengthBytes": "4757043"
    },
    {
      "filePath": "GCA_000092565.1/genomic.gff",
      "fileType": "GFF3",
      "uncompressedLengthBytes": "1438748"
    },
    {
      "filePath": "GCA_000092565.1/genomic.gtf",
      "fileType": "GTF",
      "uncompressedLengthBytes": "3463219"
    },
    {
      "filePath": "GCA_000092565.1/protein.faa",
      "fileType": "PROTEIN_FASTA",
      "uncompressedLengthBytes": "1519144"
    },
    {
      "filePath": "GCA_000092565.1/sequence_report.jsonl",
      "fileType": "SEQUENCE_REPORT",
      "uncompressedLengthBytes": "594"
    }
  ]
},{
  "accession": "GCF_000092565.1",
  "files": [
    {
      "filePath": "GCF_000092565.1/cds_from_genomic.fna",
      "fileType": "CDS_NUCLEOTIDE_FASTA",
      "uncompressedLengthBytes": "4310571"
    },
    {
      "filePath": "GCF_000092565.1/genomic.gbff",
      "fileType": "GENBANK_FLAT_FILE",
      "uncompressedLengthBytes": "11154088"
    },
    {
      "filePath": "GCF_000092565.1/GCF_000092565.1_ASM9256v1_genomic.fna",
      "fileType": "GENOMIC_NUCLEOTIDE_FASTA",
      "uncompressedLengthBytes": "4757045"
    },
    {
      "filePath": "GCF_000092565.1/genomic.gff",
      "fileType": "GFF3",
      "uncompressedLengthBytes": "2183695"
    },
    {
      "filePath": "GCF_000092565.1/genomic.gtf",
      "fileType": "GTF",
      "uncompressedLengthBytes": "5909720"
    },
    {
      "filePath": "GCF_000092565.1/protein.faa",
      "fileType": "PROTEIN_FASTA",
      "uncompressedLengthBytes": "1416786"
    },
    {
      "filePath": "GCF_000092565.1/sequence_report.jsonl",
      "fileType": "SEQUENCE_REPORT",
      "uncompressedLengthBytes": "594"
    }
  ]
}]}
